Mean Imputation,Median Imputation,MICE Imputation
0.9959226639382861,0.9959827832181227,1.0
